{"right":{"Frame0":[1.0,129.0,65.0,65.0],"Frame1":[67.0,129.0,131.0,65.0],"Frame2":[133.0,129.0,197.0,65.0],"Frame3":[199.0,129.0,263.0,65.0],"Frame4":[265.0,129.0,329.0,65.0],"Frame5":[331.0,129.0,395.0,65.0],"NumFrames":6,"Repeating":true,"SecsPerFrame":0.07999999821186066},"left":{"Frame0":[1.0,65.0,65.0,1.0],"Frame1":[67.0,65.0,131.0,1.0],"Frame10":[0.0,65.0,395.0,1.0],"Frame11":[331.0,65.0,395.0,1.0],"Frame2":[133.0,65.0,197.0,1.0],"Frame3":[199.0,65.0,263.0,1.0],"Frame4":[265.0,65.0,329.0,1.0],"Frame5":[331.0,65.0,395.0,1.0],"NumFrames":6,"Repeating":true,"SecsPerFrame":0.07999999821186066}}